confidence_range,accuracy,count,lower,upper
0.5-0.6,0.5687789799072643,647,0.5,0.6
0.6-0.7,0.7185273159144893,842,0.6,0.7
0.7-0.8,0.8166666666666667,1080,0.7,0.8
0.8-0.9,0.8967587034813925,1666,0.8,0.9
0.9-1.0,0.9888817891373802,7825,0.9,1.0
